Date,Close,SMA_20,EMA_20,RSI_14,MACD,MACD_Signal,BB_Upper,BB_Lower,Final_Signal
2025-01-02,21.974592208862305,,21.974592208862305,,0.0,0.0,,,0
2025-01-03,21.984304428100586,,21.97551718212309,,0.0007747639278399276,0.00015495278556798553,,,1
2025-01-06,22.100881576538086,,21.987456648257854,,0.010672545069422057,0.0022584712423388,,,0
2025-01-07,21.96487808227539,,21.985306308640475,,0.00745631086515175,0.00329803916690139,,,-1
2025-01-08,22.130027770996094,,21.999089305055293,,0.01802583119148693,0.006243597571818498,,,1
2025-01-10,22.052310943603516,,22.004158032536075,,0.019901738878054687,0.008975225833065738,,,0
2025-01-13,22.04259490966797,,22.007818687501015,,0.020369598445288517,0.011254100355510294,,,0
2025-01-14,21.86773109436035,,21.99447701196381,,0.006554772686300225,0.01031423482166828,,,-1
2025-01-15,22.236888885498047,,22.017563857062306,,0.02510497775008602,0.013272383407351828,,,1
2025-01-16,20.954551696777344,,21.91632460370183,,-0.06294218692979925,-0.0019705306600783876,,,-1
2025-01-17,20.58539390563965,,21.78956929912448,,-0.16065620314377327,-0.03370766515681737,,,0
2025-01-21,20.54653549194336,,21.671185127011995,,-0.23848174510891695,-0.0746624811472373,,,0
2025-01-22,20.993410110473633,,21.606635125436913,,-0.2610903141719625,-0.11194804775218234,,,0
2025-01-23,21.158559799194336,,21.563961284842385,,-0.2626538581932465,-0.1420892098403952,,,0
2025-01-24,21.061412811279297,,21.516099525455424,36.79774366882142,-0.26863526797871984,-0.16739842146806014,,,0
2025-01-27,20.92540740966797,,21.45984313347567,35.23038719862426,-0.28110962086820024,-0.19014066134808816,,,0
2025-01-28,20.915693283081055,,21.408019338199992,32.96091468885531,-0.2884543619097073,-0.209803401460412,,,0
2025-01-29,21.080842971801758,,21.3768596842573,37.396127759252984,-0.27774722531311014,-0.22339216623095162,,,0
2025-01-30,21.197418212890625,,21.35977002031762,36.5168402997998,-0.25689378310284283,-0.23009248960532988,,,0
2025-01-31,21.32370948791504,21.45485725402832,21.356335683898326,39.612177669052265,-0.22755353398341427,-0.22958469848094676,22.572838322337144,20.336876185719493,0
2025-02-03,21.362565994262695,21.42425594329834,21.35692904679017,40.384583228827026,-0.19887329232668804,-0.22344241725009503,22.516874156076224,20.33163773052046,1
2025-02-04,21.741437911987305,21.412112617492674,21.393548938713707,48.31165466716032,-0.14391325437456715,-0.20753658467498948,22.48477973110895,20.339445503876398,0
2025-02-05,21.67343521118164,21.390740299224852,21.420204774186843,41.80786479588158,-0.10463807536666181,-0.18695688281332395,22.423970668739255,20.35750992971045,0
2025-02-06,21.60543441772461,21.372768115997314,21.43784569261901,64.62884529647792,-0.07809903174317867,-0.16518531259929492,22.377539171076755,20.367997060917872,0
2025-02-07,21.20713233947754,21.326623344421385,21.415872992319823,63.793118039335155,-0.08818970145112104,-0.14978619036966015,22.270999391568477,20.382247297274294,-1
2025-02-10,21.245990753173828,21.286307334899902,21.399693731448775,65.51724721573407,-0.09199066948639967,-0.13822708619300805,22.170230646371625,20.40238402342818,0
2025-02-11,21.343135833740234,21.251334381103515,21.394307265000343,59.1836366714382,-0.08617084406160203,-0.12781583776672686,22.065385796605344,20.437282965601685,1
2025-02-12,21.12941551208496,21.214418601989745,21.369079479008402,49.25372113786037,-0.09767806240428811,-0.12178828269423912,21.978756530259705,20.450080673719786,-1
2025-02-13,21.119699478149414,21.158559131622315,21.345329002736115,51.5624696417962,-0.1063556172328255,-0.1187017496019564,21.762244971464366,20.554873291780265,0
2025-02-14,20.954551696777344,21.158559131622315,21.308112116454325,50.769241612346526,-0.12511642346455076,-0.11998468437447528,21.762244971464366,20.554873291780265,0
2025-02-18,20.799116134643555,21.16924524307251,21.259636308662824,47.14281974520983,-0.1507886506999121,-0.12614547763956263,21.738557108111664,20.599933378033356,0
2025-02-19,20.604820251464844,21.172159481048585,21.197272874643968,38.49753011198609,-0.18468321655726072,-0.13785302542310224,21.72915468384878,20.61516427824839,0
2025-02-20,20.740829467773438,21.159530448913575,21.15380207398963,39.06978273257258,-0.19828439800426878,-0.14993929993933555,21.742989560339527,20.576071337487623,0
2025-02-21,20.565963745117188,21.129900646209716,21.097817471239875,32.27269765993202,-0.22063034541249138,-0.16407750903396673,21.768161511226403,20.49163978119303,0
2025-02-24,20.23566436767578,21.08861322402954,21.01570765185282,26.800034241115554,-0.26197221642095414,-0.1836564505113642,21.836645251788557,20.340581196270524,1
2025-02-25,20.17737579345703,21.051211643218995,20.935866522481792,12.903292935050587,-0.29602693362826926,-0.2061305471347452,21.89661090094977,20.20581238548822,0
2025-02-26,20.17737579345703,21.014295768737792,20.86362931019372,13.333401895302131,-0.31933445356416357,-0.2287713284206289,21.940737105842224,20.08785443163336,-1
2025-02-27,19.915081024169922,20.9560076713562,20.773291378191452,12.173974653807491,-0.3548799911942311,-0.25399306097534935,21.997867761194726,19.914147581517675,0
2025-02-28,19.526493072509766,20.87246141433716,20.654548682412244,12.227133015822673,-0.40968331179245254,-0.28513111113877,22.078529043577326,19.666393785096993,1
2025-03-03,19.264198303222656,20.769485855102538,20.522134360584666,9.52388372509759,-0.4688754299046458,-0.32187997489194514,22.143807631556314,19.39516407864876,0
2025-03-04,19.147621154785156,20.658738613128662,20.39122834098471,5.511951011750796,-0.5192073128604484,-0.3613454424856458,22.173809815993284,19.14366741026404,-1
2025-03-05,19.487634658813477,20.54604845046997,20.305171799825544,18.352143373983026,-0.5256006474718689,-0.39419648348289044,22.0575026504781,19.034594250461844,0
2025-03-06,19.186479568481445,20.42170066833496,20.198629682554675,16.498403527444125,-0.5486436872369715,-0.42508592423370667,21.950795054683738,18.892606281986183,0
2025-03-07,19.29334259033203,20.306096076965332,20.112411864247754,20.618667990867337,-0.5519203156547512,-0.4504528025179156,21.809114782348093,18.80307737158257,0
2025-03-10,18.885324478149414,20.190005683898924,19.995546398905056,18.92754639292744,-0.5807462378581185,-0.4765114895859562,21.7541356111138,18.62587575668405,0
2025-03-11,18.428735733032227,20.049142932891847,19.846326335488598,17.441976605149833,-0.6331354928945174,-0.5078362902476685,21.711829507500234,18.38645635828346,0
2025-03-12,17.97214698791504,19.880593490600585,19.667833064291116,12.201621626407245,-0.7033890200361448,-0.5469468362053638,21.663509611173005,18.097677370028165,1
2025-03-13,17.768138885498047,19.71252965927124,19.486909809167965,12.105298509390579,-0.7666892785873678,-0.5908953246817646,21.622081881874102,17.802977436668378,0
2025-03-14,17.874998092651367,19.550294589996337,19.333394407594955,15.966370841383423,-0.79902191729661,-0.6325206432047338,21.504875847419413,17.59571333257326,-1
2025-03-17,18.040149688720703,19.404574489593507,19.210228243892644,20.10873218696814,-0.8020736075698665,-0.6664312360777603,21.353207451801808,17.455941527385207,0
2025-03-18,17.923574447631836,19.26079740524292,19.0876897871059,19.47372418493073,-0.8046235424569197,-0.6940696973535923,21.200953575856406,17.32064123462943,0
2025-03-19,18.040149688720703,19.132563877105714,18.98792406345017,23.56165783599151,-0.7881524061994369,-0.7128862391227613,21.039170103559517,17.22595765065191,0
2025-03-20,17.544700622558594,18.972757434844972,18.85047421193669,22.87235597960604,-0.8057888784414118,-0.7314667669864914,20.848911268570582,17.096603601119362,0
2025-03-21,17.79728126525879,18.83432331085205,18.75017012177689,29.866653263406008,-0.7902749649290826,-0.7432284065750097,20.626524403557696,17.042122218146403,0
2025-03-24,18.05957794189453,18.72551898956299,18.68439943797857,35.64102977171561,-0.7481902554663797,-0.7442207763532838,20.42608535439762,17.024952624728357,0
2025-03-25,18.2927303314209,18.631286716461183,18.64709761830641,33.77309677593148,-0.6880924690537071,-0.7329951148933684,20.203638663307608,17.05893476961476,0
2025-03-26,18.127580642700195,18.52879695892334,18.59761981110582,35.06850272988892,-0.6463401332829974,-0.7156641185712943,19.94404948695452,17.113544430892162,0
2025-03-27,18.137296676635742,18.43990774154663,18.553779512584857,33.23944191664587,-0.6054874215443284,-0.6936287791659012,19.71176950232498,17.16804598076828,0
2025-03-28,17.651561737060547,18.34616117477417,18.46785401015397,32.50689748239864,-0.6053282559995843,-0.6759686745326378,19.558861884623344,17.133460464924998,0
2025-03-31,17.729280471801758,18.269415283203124,18.397513673168046,38.88891582122691,-0.5921054408384521,-0.6591960277938007,19.433302395716407,17.10552817068984,0
2025-04-01,17.680706024169922,18.196069526672364,18.329246278025366,44.680845138476464,-0.5788729297302666,-0.6431314081810939,19.313289924995043,17.078849128349685,0
2025-04-02,17.865283966064453,18.11495199203491,18.285059391171945,51.78568172989408,-0.547184568913405,-0.6239420403275562,19.06895247423314,17.160951509836682,0
2025-04-03,16.85495948791504,17.998375988006593,18.148859400385575,35.92497728705894,-0.5967174688789108,-0.6184971260378271,18.969786824802327,17.02696515121086,1
2025-04-04,16.106929779052734,17.839055347442628,17.95438991263959,27.020795377152567,-0.6883969830189223,-0.6324770974340462,18.94460172812996,16.733508966755295,0
2025-04-07,16.30122184753418,17.709850215911864,17.796945335010506,31.06573944633905,-0.736881599938993,-0.6533579979350357,18.89707702310141,16.522623408722318,-1
2025-04-08,15.951494216918945,17.585988140106203,17.62118808566845,26.881719522086627,-0.7943691125044978,-0.6815602208489281,18.950958514477648,16.221017765734757,1
2025-04-09,17.156112670898438,17.54518642425537,17.576895189023688,46.28251784184152,-0.7342616275873155,-0.6921005021966056,18.910331052308877,16.180041796201863,-1
2025-04-10,16.495515823364258,17.481555271148682,17.473906678008504,38.448281815209064,-0.7314983992921107,-0.6999800816157067,18.91607410162836,16.047036440669004,0
2025-04-11,16.398366928100586,17.407723712921143,17.371474320874416,34.81348523689975,-0.7287470821668478,-0.705733481725935,18.904299746934857,15.911147678907428,0
2025-04-14,16.524660110473633,17.33194923400879,17.290825348455293,33.514506156153175,-0.7082120119544264,-0.7062291877716333,18.846129038783232,15.817769429234344,0
2025-04-15,16.544090270996094,17.262975025177003,17.219707722030606,34.82311596261485,-0.6825025052568137,-0.7014838512686694,18.788704681994314,15.73724536835969,0
2025-04-16,16.106929779052734,17.166314029693602,17.11372887031843,32.01377669174889,-0.6894551246629206,-0.6990781059475196,18.72739238268776,15.605235676699442,0
2025-04-17,15.679482460021973,17.073053121566772,16.97713397409972,32.34783089702171,-0.7211436567737124,-0.7034912161127582,18.7510500157328,15.395056227400744,0
2025-04-21,16.106929779052734,16.98853554725647,16.894257384095244,36.33388496143959,-0.7036543313335777,-0.7035238391569221,18.682311883473453,15.294759211039484,0
2025-04-22,16.37894058227539,16.904503679275514,16.845179593445735,39.43218715790094,-0.6602341481096268,-0.694865900947463,18.543261654031642,15.265745704519386,0
2025-04-23,16.73838233947754,16.826786279678345,16.835008426401146,41.10430122162452,-0.5900180336347383,-0.6738963274849181,18.337234006475974,15.316338552880717,0
2025-04-24,16.864675521850586,16.763641023635863,16.837833864062997,50.08913894300882,-0.5182068862798168,-0.6427584392438979,18.151941050973626,15.3753409962981,1
2025-04-25,16.903532028198242,16.70195279121399,16.844090832075878,58.40162203091016,-0.4529394354380578,-0.6047946384827299,17.942389465073838,15.461516117354144,0
2025-04-28,16.835529327392578,16.66115117073059,16.843275450677467,55.78947172628274,-0.40206698215977354,-0.5642491072181386,17.82529942637389,15.497002915087295,0
2025-04-29,17.068681716918945,16.62812123298645,16.864742714129036,62.41898994782026,-0.3390286360432384,-0.5192050129831586,17.703255383881938,15.552987082090965,0
2025-04-30,17.09782600402832,16.59897723197937,16.88694112269087,49.122829678720116,-0.2834511438344549,-0.4720542391534179,17.58642521395346,15.611529250005276,0
2025-05-01,17.09782600402832,16.560604333877563,16.90702539710396,61.3138406308556,-0.23667731211720522,-0.4249788537461754,17.396204160581043,15.725004507174084,0
2025-05-02,17.369834899902344,16.58634810447693,16.95110249260857,67.12327247347775,-0.17563525497993027,-0.3751101339929264,17.485913518409827,15.686782690544032,0
2025-05-05,17.3406925201416,16.648036241531372,16.988206304754573,64.89361257725542,-0.12813348831505778,-0.3257148048573527,17.576386898486845,15.719685584575897,0
2025-05-06,17.262975692749023,16.696123933792116,17.014374817896904,62.84721985511969,-0.09565642672215802,-0.27970312923031376,17.64699684782314,15.745251019761092,0
2025-05-07,17.204687118530273,16.75878357887268,17.032499798909605,72.69075434385616,-0.07377113450901973,-0.23851673028605497,17.66943553965432,15.848131618091044,0
2025-05-08,16.990964889526367,16.750526189804077,17.02854409325406,79.73575788083892,-0.072832908057336,-0.20537996584031118,17.64953776175846,15.851514617849695,0
2025-05-09,16.990964889526367,16.775298643112183,17.02496512147047,74.86344895066782,-0.07126782570280099,-0.17855753781280914,17.672139322944872,15.878457963279496,0
2025-05-12,18.11786460876465,16.861273527145386,17.129050786927056,83.02587089403069,0.020665681673207814,-0.13871289391560573,17.913337048580292,15.80921000571048,0
2025-05-13,17.85556983947754,16.92781901359558,17.19824307764615,72.03071590197872,0.07153405278907954,-0.09666350457466868,18.05218005834643,15.803457968844732,0
2025-05-14,17.933286666870117,16.99727883338928,17.268247229000814,71.48440495875374,0.11677261977683173,-0.05397627970436861,18.187922601888914,15.806635064889646,0
2025-05-15,18.185869216918945,17.101225805282592,17.35563979927873,73.74107477064544,0.17103423471669288,-0.008974176820156311,18.32532458555161,15.877127025013573,0
2025-05-16,17.787567138671875,17.20663003921509,17.396775736363793,65.70515926605088,0.1798244027471121,0.028785539093297372,18.276171843427367,16.13708823500281,0
2025-05-19,17.806995391845703,17.291633319854736,17.435844274981118,63.10345831451767,0.18621183775065475,0.06027079882476885,18.263866326374917,16.319400313334555,0
2025-05-20,17.71956443786621,17.358664512634277,17.462865242874937,60.81083411603016,0.18211961713397784,0.08464056248661064,18.251574193090242,16.465754832178312,0
2025-05-21,17.641847610473633,17.403837776184083,17.47991118264624,59.21055520895092,0.17063839119348145,0.10184012822798481,18.257192181461388,16.55048337090678,0
2025-05-22,17.525272369384766,17.43686761856079,17.48423129566896,52.77783458839345,0.15039908222225762,0.11155191902683938,18.254583916455132,16.619151320666447,0
2025-05-23,17.593273162841797,17.471354675292968,17.494616235399704,54.452053643170046,0.1382526888342852,0.11689207298832854,18.25359868069073,16.689110669895207,0
2025-05-27,17.962430953979492,17.527699756622315,17.539170018121588,61.18013407039122,0.15660923930387582,0.124835506251438,18.280416847508313,16.774982665736317,0
2025-05-28,17.83614158630371,17.566072750091553,17.567453024615123,59.878461716574584,0.15913206587652695,0.13169481817645579,18.299271790397484,16.832873709785623,0
2025-05-29,17.933286666870117,17.607845783233643,17.602294323877505,65.29971521758787,0.1670446336823126,0.13876478127762715,18.324587784660505,16.89110378180678,0
2025-05-30,17.920480728149414,17.648978519439698,17.63259779095102,65.0292978387447,0.17031874002898917,0.14507557302789956,18.337800394367147,16.96015664451225,0
2025-06-02,17.920480728149414,17.67651081085205,17.660015213541342,44.978650311511366,0.17094296876181048,0.15024905217468176,18.362515129277288,16.990506492426814,0
2025-06-03,17.772703170776367,17.69811134338379,17.67074739994468,47.761484717957174,0.15769544574196104,0.15173833088813762,18.36746282207184,17.02875986469574,0
2025-06-04,17.58551788330078,17.714238452911378,17.662630303121453,41.13014721549542,0.1305870734834329,0.14750807940719668,18.35584418693738,17.072632718885377,-1
2025-06-05,17.66433334350586,17.737220764160156,17.662792497443778,35.40448527771164,0.11414742169059622,0.1408359478638766,18.335647671082583,17.13879385723773,0
2025-06-06,17.93033218383789,17.78418912887573,17.68827246757655,54.31489697282739,0.12118580801396917,0.1369059198938951,18.279536978158863,17.2888412795926,1
2025-06-09,18.018999099731445,17.835590839385986,17.719770242067494,56.150147458349245,0.13239232269172163,0.13600320045346043,18.18198245897324,17.48919921979873,0
2025-06-10,18.23573875427246,17.841484546661377,17.76891010037273,63.92901259985177,0.1569533841525832,0.140193237193285,18.210179794203626,17.47278929911913,0
2025-06-11,18.334257125854492,17.865418910980225,17.822752674228134,68.47729822282577,0.1822667538660454,0.14860794052783707,18.292232751249063,17.438605070711386,0
2025-06-12,18.284997940063477,17.883004474639893,17.86677603287912,71.0291821049086,0.19609254433211376,0.15810486128869242,18.34692381236953,17.419085136910258,0
2025-06-13,18.147071838378906,17.88106460571289,17.893470871498145,64.75784628459084,0.1936873914935724,0.16522136732966844,18.340201844073004,17.421927367352776,0
2025-06-16,18.472183227539062,17.91529541015625,17.94858633397823,63.91063697337452,0.21553056043918772,0.1752832059515723,18.438989883587958,17.391600936724544,0
2025-06-17,18.393367767333984,17.944614028930665,17.990946470488304,65.61062955058665,0.2239006924407363,0.1850067032494051,18.505133817004054,17.384094240857277,0
2025-06-18,18.156923294067383,17.966481971740723,18.006753787019644,55.81156742310392,0.209045245942729,0.1898144117880699,18.5242948312696,17.408669112211847,0
2025-06-20,17.41803741455078,17.95529146194458,17.950685561070227,40.52045465831894,0.13608161803051289,0.1790678530365585,18.546675490285715,17.363907433603444,-1
2025-06-23,17.83181381225586,17.970618534088135,17.939364442135528,48.55304825704053,0.1103733986224249,0.1653289621537318,18.53174370231386,17.40949336586241,0
2025-06-24,18.02884864807129,17.99239730834961,17.947886747462743,54.11389031504679,0.10469169341193307,0.15320150840537206,18.526405208832095,17.458389407867124,1
2025-06-25,18.23573875427246,18.006062698364257,17.975301224301763,60.377356193148024,0.11555120129540697,0.14567144698337905,18.55019584532612,17.461929551402395,0
2025-06-26,18.324405670166016,18.030475902557374,18.008549266765026,60.50156035875506,0.12981568422359402,0.14250029443142204,18.585625140277337,17.47532666483741,0
2025-06-27,18.245590209960938,18.046091079711914,18.031124594688446,55.333320426443635,0.13322490696608824,0.1406452169383553,18.606966310626987,17.48521584879684,0
2025-06-30,18.255443572998047,18.062839221954345,18.05248830690841,54.10959403648891,0.13516374112950658,0.13954892177658557,18.62770126244285,17.49797718146584,0
2025-07-01,18.619958877563477,18.09781312942505,18.106533123161274,56.351767907998656,0.16422058716442223,0.14448325485415292,18.70789484686238,17.487731411987717,0
2025-07-02,18.600255966186523,18.139190769195558,18.153554346306535,54.51503955596823,0.18354272047606912,0.15229514797853616,18.767443687580702,17.510937850810414,0
2025-07-03,18.67906951904297,18.193868350982665,18.20360341037667,56.622490446435606,0.2028766101022228,0.1624114404032735,18.81008767691415,17.57764902505118,0
2025-07-07,18.54114532470703,18.237708950042723,18.235750259360515,56.62252674550993,0.20470976043093003,0.1708711044088048,18.820870213858157,17.65454768622729,0
2025-07-08,18.610107421875,18.27169771194458,18.271403322457132,52.53620951857193,0.20931436447473217,0.1785597564219903,18.85846525105732,17.684930172831837,0
2025-07-09,18.54114532470703,18.29780502319336,18.297093036957122,52.72728040742707,0.20503536143611,0.18385487742481424,18.883739203486375,17.711870842900343,0
2025-07-10,17.83181381225586,18.277608776092528,18.252780729842716,44.891644763854224,0.1427614308663152,0.17563618811311446,18.89756557090525,17.657651981279805,-1
2025-07-11,17.920480728149414,18.256919956207277,18.22113311063383,59.92219686874036,0.09941754771777056,0.1603924600340457,18.895277692731923,17.61856221968263,0
2025-07-14,17.743146896362305,18.229827404022217,18.17561061403654,48.06865704630454,0.05017941282671501,0.13834985059257957,18.905992658242127,17.553662149802307,0
2025-07-15,17.950035095214844,18.219975566864015,18.154127231291614,48.290620565835574,0.027534583258407963,0.11618679712574526,18.906341552849096,17.533609580878935,0
2025-07-16,18.225887298583984,18.20766077041626,18.160961523414695,49.79253878701265,0.031484427218572364,0.09924632314431069,18.884252891834198,17.531068648998325,1
2025-07-17,18.196331024169922,18.197808933258056,18.164330047296144,47.234021518841345,0.031862471938168824,0.08576955290308232,18.869014504504612,17.5266033620115,-1
2025-07-18,17.940181732177734,18.186971855163574,18.142982588713437,43.873479676215226,0.011361993973363127,0.07088804111713848,18.86740346647716,17.506540243849987,0
2025-07-21,17.920480728149414,18.212094020843505,18.121791935326385,43.307059606374295,-0.006400705539480356,0.05543029178581471,18.80909833758197,17.615089704105042,0
2025-07-22,17.989442825317383,18.219975471496582,18.109187258182672,35.71428571428572,-0.014743158027144432,0.04139560182322288,18.800628370147678,17.639322572845487,0
2025-07-23,18.17662811279297,18.227364444732665,18.115610196716986,41.07884650762244,-0.006179094644473082,0.0318806625296837,18.801828810193893,17.652900079271436,0
2025-07-24,17.41803741455078,18.186479377746583,18.049174693653537,29.35486288494326,-0.05991329903754661,0.013521870216237637,18.860505323033188,17.512453432459978,1
2025-07-25,17.11263084411621,18.12589063644409,17.95998004131665,27.828757402965877,-0.12569289158487607,-0.014321082143985104,18.942255992664528,17.309525280223653,0
2025-07-28,16.90574073791504,18.058898162841796,17.859576298135543,24.633445237215227,-0.1923012658236516,-0.049917118879918405,19.030179783256585,17.087616542427007,0
2025-07-29,16.954999923706055,17.993875980377197,17.773426167237496,26.253695738956466,-0.23836633890119785,-0.0876069628841743,19.072054395171538,16.915697565582857,-1
2025-07-30,16.698854446411133,17.89782075881958,17.67108600334927,30.375451878977373,-0.2921740400549844,-0.12852037831833632,19.073653428731348,16.721988088907814,0
2025-07-31,16.472259521484375,17.791420936584473,17.55691205269547,26.0586220618181,-0.3490774006106001,-0.1726317827767891,19.07402013474187,16.508821738427077,1
2025-08-01,16.166852951049805,17.665810108184814,17.42452547158636,25.000000000000014,-0.4140446328684888,-0.22091435279512903,19.063024697646906,16.268595518722723,0
2025-08-04,16.235816955566406,17.550543689727782,17.311315136727316,21.568667149198504,-0.4547250266376679,-0.2676764875636368,19.0184663563422,16.082621023113365,-1
2025-08-05,15.959966659545898,17.418036651611327,17.182615281757656,12.418327532613617,-0.5034202302517592,-0.31482523610126134,18.956222756037867,15.879850547184788,0
2025-08-06,15.831891059875488,17.28257393836975,17.05397487967364,12.025338752183771,-0.546051617327656,-0.3610705123465403,18.877413383096357,15.687734493643145,0
2025-08-07,15.782632827758789,17.180114889144896,16.932894684253178,12.881390637336082,-0.5771588978855746,-0.4042881894543472,18.8804540337365,15.479775744553292,0
2025-08-08,15.753076553344727,17.071744680404663,16.820531052738087,12.837857283013932,-0.5973111549952002,-0.4428927825625178,18.844267223368952,15.299222137440374,0
2025-08-11,15.74322509765625,16.97174859046936,16.717930485587434,10.68970144381268,-0.6070788668027305,-0.4757299994105604,18.80605389835511,15.137443282583611,0
2025-08-12,15.831891059875488,16.865841388702393,16.63354577837677,7.500018150307369,-0.6007402865683211,-0.5007320568421125,18.7065631933025,15.025119584102285,0
2025-08-13,16.137298583984375,16.761411952972413,16.58628414081559,22.22224980101899,-0.564565125925057,-0.5134986706587015,18.516645465074692,15.006178440870134,0
2025-08-14,16.117595672607422,16.657475185394286,16.54164714384338,25.36588636722081,-0.5313607152069899,-0.5170710795683592,18.303298568319647,15.011651802468926,0
2025-08-15,16.31463050842285,16.576197624206543,16.520026511898568,35.29410648192085,-0.48357259209835846,-0.5103713820743591,18.117869352379138,15.034525896033948,0
2025-08-18,16.166852951049805,16.48851623535156,16.486390934674876,31.3083976868907,-0.4524094792299209,-0.4987790015054715,17.909112171295217,15.067920299407907,0
2025-08-19,16.35403823852539,16.406746006011964,16.47378591599397,41.5458516999206,-0.40790611169414603,-0.4806044235432064,17.649488164396967,15.164003847626962,0
2025-08-20,16.757963180541992,16.335812759399413,16.500850417379496,56.44445859423199,-0.33616836555289353,-0.45171721194514386,17.296258560412507,15.375366958386318,1
2025-08-21,16.79737091064453,16.3047794342041,16.529090464357118,66.16163542121953,-0.2729889635758944,-0.415971562271294,17.157404212254583,15.452154656153617,0
2025-08-22,17.08307456970215,16.3033016204834,16.58185085534236,69.54546294560708,-0.19758727169101675,-0.3722947041552386,17.1504050143502,15.456198226616598,0
2025-08-25,17.073223114013672,16.31167573928833,16.628648213311056,79.27459892484876,-0.13704603637526702,-0.3252449705992443,17.185330648068238,15.438020830508421,0
2025-08-26,16.96485137939453,16.312168312072753,16.660667562461864,80.10470806165915,-0.09669670507043904,-0.27953531749348326,17.187283396640332,15.437053227505174,0
2025-08-27,17.102779388427734,16.332364559173584,16.70277345064909,83.49997725162893,-0.052979220221320844,-0.23422409803905078,17.259350427007078,15.40537869134009,0
2025-08-28,16.748111724853516,16.346157169342042,16.7070913815257,71.67378622060951,-0.04641645488139545,-0.19666256940751972,17.28912953152461,15.403184807159475,0
2025-08-29,16.570777893066406,16.36635341644287,16.694109144529577,66.79994300326338,-0.054892013291748754,-0.16830845818436554,17.310401198929622,15.422305633956118,0
2025-09-02,16.639741897583008,16.3865496635437,16.688931311487046,66.53222454033947,-0.05540545597897051,-0.14572785774328653,17.335830950007683,15.437268377079718,0
2025-09-03,16.39344596862793,16.408223628997803,16.66078985026237,55.37188165260112,-0.07482386317501621,-0.13154705882963247,17.337132030112517,15.479315227883088,-1
2025-09-04,16.344186782836914,16.433838415145875,16.63063717717423,54.69384271701501,-0.09311452906778328,-0.12386055287726264,17.325261236298033,15.542415593993717,0
2025-09-05,16.137298583984375,16.451571702957153,16.583652549251386,46.34149796599045,-0.122887590526787,-0.12366596040716751,17.303716173671308,15.599427232242999,0
2025-09-08,16.54122543334961,16.490979146957397,16.579611871546454,56.98532107087924,-0.11259154994813514,-0.12145107831536105,17.280894886683107,15.701063407231686,1
2025-09-09,16.757963180541992,16.541716051101684,16.59659771049841,57.45452267019986,-0.08595213604412066,-0.11435128986111298,17.26011622738674,15.823315874816629,0
2025-09-10,16.728408813476562,16.58654193878174,16.60915114887728,49.367114458544876,-0.06645890216962513,-0.10477281232281542,17.23017374838406,15.942910129179419,0
2025-09-11,16.817073822021484,16.620530700683595,16.628953308224347,50.41320661130578,-0.04335606694619898,-0.09248946324749213,17.23689587982788,16.00416552153931,0
2025-09-12,16.708703994750977,16.65008611679077,16.636548611703073,41.51784865419886,-0.03340635529191971,-0.08067284165637764,17.222255777853498,16.077916455728044,0
2025-09-15,16.66929817199707,16.667819499969482,16.639667617445358,40.96917614569198,-0.02837378238882593,-0.07021302980286731,17.218898402759944,16.11674059717902,0
2025-09-16,16.807222366333008,16.699837970733643,16.655625212577515,46.52174462013729,-0.01310503561015608,-0.05879143096432506,17.20310764240402,16.196568299063266,0
2025-09-17,17.41803741455078,16.753037929534912,16.72823589847973,55.75538816817603,0.04773298962252781,-0.03748654684695449,17.319788330697694,16.18628752837213,0
2025-09-18,17.30966567993164,16.780623054504396,16.78361016337991,61.26482062207203,0.08620910475404031,-0.012747416526755529,17.39716526686515,16.16408084214364,0
2025-09-19,16.718555450439453,16.77668228149414,16.7774144764332,52.5423762183901,0.06821767688044744,0.003445602154685066,17.393753233826878,16.1596113291614,-1
2025-09-22,16.895889282226562,16.76732301712036,16.788697791270664,54.248365599548,0.06749070798380785,0.01625462332050962,17.371055567049897,16.163590467190826,1
2025-09-23,16.6298885345459,16.745156288146973,16.77357310015402,53.89608267122599,0.04493258771722708,0.021990216199853113,17.33472410434383,16.155588471950114,-1
2025-09-24,16.777667999267578,16.735797119140624,16.773963090545788,56.91824760902825,0.03853546973440203,0.025299266906762898,17.317001084513812,16.154593153767436,1
2025-09-25,16.29492950439453,16.695404624938966,16.72834084424567,52.31216266273044,-0.0054247216634877304,0.019154469192712773,17.28124546387592,16.109563786002013,-1
2025-09-26,16.275224685668945,16.671760272979736,16.685186924381217,45.60258306189952,-0.041376541242069464,0.007048267105756326,17.28472674485628,16.058793801103192,0
2025-09-29,16.078187942504883,16.64713077545166,16.627377497535853,38.68854998076662,-0.08479042451196861,-0.011319471217788663,17.31175667108116,15.982504879822162,0
2025-09-30,16.028928756713867,16.616590118408205,16.570382379362332,38.43649276636373,-0.1217673857749979,-0.03340905412923051,17.33382124036388,15.89935899645253,0
2025-10-01,16.1274471282959,16.603290176391603,16.528198069736955,38.6364050656145,-0.1414912615582935,-0.05502549561504311,17.34599229643044,15.860588056352766,0
2025-10-02,15.910706520080566,16.581616163253784,16.46938935072206,37.30410957573904,-0.17262185365003901,-0.07854476722204229,17.376748163751632,15.786484162755935,0
2025-10-03,15.989521026611328,16.57422728538513,16.423687605568656,39.3188948201889,-0.18875752096561982,-0.1005873179707578,17.38825936341931,15.760195207350952,0
2025-10-06,16.442705154418945,16.569301271438597,16.425498800697255,44.788751827639864,-0.16309690230268004,-0.11308923483714226,17.385262637775423,15.753339905101772,0
2025-10-07,16.14715003967285,16.53876061439514,16.398989394885408,30.030982484616658,-0.1647108210245385,-0.12341355207462151,17.369775472102653,15.707745756687629,0
2025-10-08,16.49196434020996,16.52693839073181,16.407844151582985,38.04037323567253,-0.13659168697716595,-0.1260491790551304,17.35354066765452,15.700336113809099,0
2025-10-09,16.807222366333008,16.526445817947387,16.44588017203537,51.41066334891061,-0.08785563756867276,-0.11841047075783889,17.35236740102889,15.700524234865886,1
2025-10-10,16.334335327148438,16.50772738456726,16.43525685347471,41.83382288901649,-0.08639410184092,-0.11200719697445512,17.33324699180847,15.682207777326054,-1
2025-10-13,16.5313720703125,16.50083107948303,16.444410683649735,48.53803966944769,-0.06854644502869789,-0.10331504658530367,17.323134658586927,15.678527500379134,1
2025-10-14,16.235816955566406,16.472260808944704,16.424544614308466,42.2969129191014,-0.07735912824640323,-0.09812386291752359,17.289689403878896,15.654832214010511,-1
2025-10-15,16.196409225463867,16.411179399490358,16.402817434418505,48.39740447347943,-0.08652570321721242,-0.09580423097746137,17.110883547807198,15.711475251173518,0
2025-10-16,15.831891059875488,16.337290668487547,16.348443493985837,43.51583293975669,-0.12179981700803211,-0.10100334818357552,16.94836119939988,15.726220137575215,0
2025-10-17,16.08803939819336,16.305764865875243,16.323643103910364,50.14163762158486,-0.12761471316627748,-0.10632562118011592,16.899721397269055,15.711808334481432,0
2025-10-20,16.65944480895996,16.293942642211913,16.355624218676994,57.881758834945906,-0.08513404675427338,-0.10208730629494742,16.84855407048334,15.739331213940488,1
2025-10-21,17.152036666870117,16.320050048828126,16.431473023266815,61.659181534919384,-0.011586207803269133,-0.08398708659661176,16.975458770286714,15.664641327369539,0
2025-10-22,17.21114730834961,16.341724014282228,16.505727717084223,65.34882731447891,0.050884158305461114,-0.05701283761619719,17.07970069177442,15.603747336790034,0
2025-10-23,17.270259857177734,16.390490531921387,16.578540301855032,65.18692000968016,0.10396383184924218,-0.024817503723109317,17.23137976400194,15.549601299840834,0
2025-10-24,17.220998764038086,16.437779235839844,16.639726822062944,60.20669527192757,0.1404360378014715,0.00823320458180685,17.35070932966748,15.52484914201221,0
2025-10-27,17.040000915527344,16.485869884490967,16.677848164297647,62.07173552457305,0.15297214243781454,0.037180992153008394,17.41907057293588,15.552669196046056,0
2025-10-28,16.889999389648438,16.528923416137694,16.698053042902483,55.68087159055148,0.1490846708726643,0.05956172789693958,17.453236237157697,15.604610595117691,0
2025-10-29,16.8799991607666,16.56655101776123,16.71538124460383,51.13783636937278,0.14354222137808748,0.07635782659316917,17.483668806946294,15.649433228576166,0
2025-10-30,16.639999389648438,16.603015661239624,16.708202020322364,55.15428173712572,0.11841875674039315,0.08477001262261397,17.469525263022923,15.736506059456325,0
2025-10-31,16.56999969482422,16.63203959465027,16.695039894084445,50.680516698062554,0.09180160785889768,0.08617633166987071,17.45204704132638,15.812032147974158,-1
2025-11-03,16.40999984741211,16.630404329299928,16.667893222972793,53.2225599664624,0.05713802352446251,0.08036867004078907,17.452044360002173,15.808764298597682,0
2025-11-04,16.299999237060547,16.638046789169312,16.63285570050496,51.86773347786135,0.020553821598792155,0.06840570035238969,17.444263431634546,15.831830146704078,0
2025-11-05,16.420000076293945,16.63444857597351,16.61258373629439,61.62900378319726,0.0012294702671091784,0.05497045433533358,17.44387698136553,15.825020170581494,0
2025-11-06,16.18000030517578,16.60308747291565,16.571385314283095,51.830081137873655,-0.033069982976734025,0.037362366872920064,17.431685540711257,15.774489405120043,0
2025-11-07,16.5,16.611370706558226,16.5645867129228,46.47413862187936,-0.03403886689431701,0.02308212011947265,17.43233366087458,15.790407752241872,0
2025-11-10,16.760000228881836,16.622802114486696,16.58319752396652,40.33671521659411,-0.01366929766658842,0.01573183656226044,17.44535646201148,15.800247766961913,1
2025-11-11,17.010000228881836,16.661511278152467,16.62384540062512,45.468381931451866,0.022388561958177178,0.017063181641443787,17.480434370108252,15.842588186196682,0
2025-11-12,17.09000015258789,16.706190824508667,16.668241091288245,45.976814792489336,0.05676564176657095,0.02500367366646922,17.516194862960326,15.896186786057006,0
2025-11-13,16.959999084472656,16.762596225738527,16.696027566829617,44.37743297780458,0.07268189382644508,0.0345393176984644,17.472091804325213,16.05310064715184,0
2025-11-14,16.649999618530273,16.79069423675537,16.69164395270587,42.0407985320438,0.0595943060622659,0.0395503153712247,17.4323765566108,16.14901191689994,-1
2025-11-17,16.770000457763672,16.796222019195557,16.699106476997088,47.52068525778348,0.05823407711393713,0.04328706771976719,17.435185506523815,16.1572585318673,1
2025-11-18,16.950000762939453,16.786120223999024,16.72300117089636,51.35138120651855,0.07086373316999683,0.04880240080981312,17.4084343896577,16.16380605834035,0
2025-11-19,17.309999465942383,16.791062831878662,16.778905770424554,62.361620499697004,0.10866904418656986,0.06077572948516448,17.428195071551375,16.15393059220595,0
2025-11-20,17.1299991607666,16.784049797058106,16.812343236171415,59.92906290391635,0.12269119748539836,0.07315882308521127,17.402750346110473,16.16534924800574,0
2025-11-21,17.700000762939453,16.807999897003175,16.89688204824456,69.96903366614465,0.17774923802123155,0.09407690607241533,17.5222157570056,16.09378403700075,0
2025-11-24,17.270000457763672,16.81949987411499,16.932417134865428,63.661977279467706,0.18455822847806047,0.11217317055354437,17.55536623826956,16.083633509960418,0
2025-11-25,17.280000686645508,16.838999938964843,16.965520330273055,62.50000000000001,0.1885874189920429,0.12745602024124408,17.601493518680527,16.07650635924916,0
2025-11-26,17.420000076293945,16.86599998474121,17.008804115608378,68.56285937652581,0.20076309028985762,0.1421174342509668,17.669527516253076,16.062472453229347,0
2025-11-28,17.479999542236328,16.907999992370605,17.053679870525325,65.90907401994541,0.2128008176178504,0.15625411092434352,17.746918539583895,16.069081445157316,0
2025-12-01,17.450000762939453,16.952000045776366,17.09142471742191,62.10527090704789,0.21741393990962976,0.16848607672140078,17.807537559209162,16.09646253234357,0
2025-12-02,17.40999984741211,17.002000045776366,17.121765205992403,57.575746629088066,0.2153596015501833,0.1778607816871573,17.84172878623073,16.162271305322005,0
2025-12-03,17.65999984741211,17.070000076293944,17.173025648032375,60.14233836755473,0.23123885666400668,0.18853639668252717,17.891389181192775,16.248610971395113,0
2025-12-04,18.290000915527344,17.163500118255616,17.279404244936657,70.0906537650816,0.29130116332176215,0.20908935001037418,18.08702133609807,16.239978900413163,0
2025-12-05,18.06999969482422,17.258000087738036,17.354699049687852,72.04966920564931,0.31748889978304007,0.23076925996490738,18.145729991973944,16.37027018350213,0
2025-12-08,17.719999313354492,17.319000053405762,17.38948955098944,63.76808869993559,0.3064679916536015,0.24590900630264623,18.15623134159362,16.481768765217904,0
2025-12-09,17.75,17.36850004196167,17.423823879466635,62.12118935214941,0.29673408146517843,0.25607402133515267,18.18447263003179,16.55252745389155,0
2025-12-10,18.06999969482422,17.42150001525879,17.485364433310213,61.656430770058876,0.3112532547626188,0.2671098680206459,18.274313714258444,16.568686316259136,0
2025-12-11,17.799999237060547,17.45699996948242,17.515329652715007,59.999988612858246,0.2975431317437085,0.2731965207652584,18.31077049989015,16.603229439074692,0
2025-12-12,17.780000686645508,17.498000049591063,17.540536417851246,51.42856948229811,0.2818154514907292,0.2749203069103526,18.330864990043302,16.665135109138824,0
2025-12-15,17.780000686645508,17.554500102996826,17.563342538688797,60.759494689605276,0.26628162278550604,0.2731925700853833,18.298125620672934,16.810874585320718,0
2025-12-16,17.770000457763672,17.604500102996827,17.583024245267357,60.33754425328938,0.2502789567063921,0.26860984740958505,18.25961768972901,16.949382516264645,0
2025-12-17,18.219999313354492,17.66800003051758,17.643688537466133,64.92535720080963,0.2707864181250841,0.2690451615526849,18.302936301042667,17.03306375999249,0
2025-12-18,19.18000030517578,17.761500072479247,17.79000394391467,73.74301527156794,0.36034890812119613,0.2873059108663871,18.655799307359295,16.8672008375992,0
2025-12-19,20.219999313354492,17.916000080108642,18.021432074337508,80.17426260646761,0.5093752937207725,0.3317197874372642,19.27002191717596,16.561978243041324,0
2025-12-22,19.15999984741211,17.989000034332275,18.12986710034461,65.5971462531653,0.5357706493293577,0.37252995981568293,19.442353090267154,16.535646978397395,0
2025-12-23,18.56999969482422,18.053999996185304,18.17178449029505,57.6470565607335,0.5032795835817296,0.3986798845688923,19.48908019182207,16.61891980054854,0
2025-12-24,18.670000076293945,18.123499965667726,18.219233593723516,53.50552726399992,0.48006547892710927,0.41495700344053577,19.536373073339387,16.710626857996065,0
2025-12-26,18.790000915527344,18.192000007629396,18.273592386276263,56.76692915418405,0.4659796749464995,0.42516153774172855,19.594606039182715,16.789393976076077,0
2025-12-29,18.43000030517578,18.239500045776367,18.288488378552408,56.660422157451094,0.42091548154393976,0.4243123265021708,19.60632796509772,16.872672126455015,0
2025-12-30,18.040000915527344,18.26900005340576,18.264822905883353,52.548339064319556,0.3497009572646377,0.4093900526546642,19.591133071036673,16.94686703577485,-1
